{
  "version": 1,
  "author": "Harsha Royal",
  "editor": "wokwi",
  "parts": [
    { "type": "wokwi-esp32-devkit-v1", "id": "esp", "top": -59.33, "left": 44.67, "attrs": {} },
    { "type": "wokwi-potentiometer", "id": "pot1", "top": -49.3, "left": -144.2, "attrs": {} },
    {
      "type": "wokwi-led",
      "id": "led1",
      "top": -110.4,
      "left": 225.8,
      "attrs": { "color": "red" }
    }
  ],
  "connections": [
    [ "esp:TX0", "$serialMonitor:RX", "", [] ],
    [ "esp:RX0", "$serialMonitor:TX", "", [] ],
    [ "pot1:SIG", "esp:D34", "green", [ "v0" ] ],
    [ "pot1:GND", "esp:GND.2", "black", [ "v76.2", "h167.1" ] ],
    [ "pot1:VCC", "esp:VIN", "red", [ "v86.2", "h146.43" ] ],
    [ "led1:C", "esp:GND.1", "green", [ "v159.67", "h-93.97" ] ],
    [ "led1:A", "esp:D4", "green", [ "v0" ] ]
  ],
  "dependencies": {}
}